,open,high,low,close,volume,value
2024-07-28 09:00:00,829.0,829.0,825.2,825.4,1545639.00762557,1278447426.0053692
2024-07-28 09:05:00,825.3,826.3,821.9,823.9,2691047.74647532,2217522793.202925
2024-07-28 09:10:00,823.9,826.6,823.8,824.6,1242323.5697053,1025271784.0625381
2024-07-28 09:15:00,824.6,826.7,823.4,825.4,1004619.05341444,828865056.2809525
2024-07-28 09:20:00,825.2,828.3,824.5,828.3,619229.94704793,511762656.0153141
2024-07-28 09:25:00,828.3,831.4,828.1,831.3,1120467.99781012,929943648.3225527
2024-07-28 09:30:00,831.4,831.4,830.0,831.2,902521.18581712,749733319.8120245
2024-07-28 09:35:00,831.5,833.0,830.5,831.6,670162.77663928,557549628.2276342
2024-07-28 09:40:00,831.6,832.3,831.3,831.5,474690.24146573,394889793.43208915
2024-07-28 09:45:00,831.3,831.3,827.5,828.0,715722.56012852,593913191.144365
2024-07-28 09:50:00,828.0,829.1,827.9,828.8,383622.10866984,317866176.6629366
2024-07-28 09:55:00,828.7,831.9,828.7,830.1,605534.50366517,502822508.00896204
2024-07-28 10:00:00,830.1,830.2,828.9,829.0,314889.7363165,261214928.57683203
2024-07-28 10:05:00,829.0,831.0,828.7,830.9,334575.99905772,277524162.8248112
2024-07-28 10:10:00,830.9,832.0,830.2,832.0,319706.47672509,265740023.14469507
2024-07-28 10:15:00,832.0,832.0,830.5,830.6,359917.09540942,299170894.6471166
2024-07-28 10:20:00,830.8,832.6,830.6,832.5,672080.38104554,559138358.1945977
2024-07-28 10:25:00,832.4,832.6,832.2,832.3,291311.02487265,242513587.3179648
2024-07-28 10:30:00,832.3,832.7,831.7,832.7,288029.36816858,239707954.09751153
2024-07-28 10:35:00,832.6,833.2,832.3,832.4,598427.27440657,498343799.883375
2024-07-28 10:40:00,832.9,833.3,832.2,833.0,198018.43900005,164902589.8791838
2024-07-28 10:45:00,833.0,833.5,832.7,833.4,525970.58181287,438218457.25201005
2024-07-28 10:50:00,833.3,833.5,832.9,832.9,167532.83055195,139580389.86338875
2024-07-28 10:55:00,832.9,833.1,832.0,833.0,289218.19735109,240837172.30008882
2024-07-28 11:00:00,833.0,834.0,832.3,834.0,434410.87677862,361984025.70319444
2024-07-28 11:05:00,834.0,834.8,832.5,834.6,370268.06095412,308655839.31221944
2024-07-28 11:10:00,834.5,835.8,833.4,833.6,519847.38307204,434049823.7656328
2024-07-28 11:15:00,833.6,834.9,832.9,834.9,615917.2713619,513405933.2776487
2024-07-28 11:20:00,834.9,835.7,834.1,835.4,527886.02732696,440841875.27013534
2024-07-28 11:25:00,835.7,835.8,834.1,835.8,322448.32756107,269334936.0662255
2024-07-28 11:30:00,835.8,839.9,835.7,839.6,1538106.3214709,1288660073.20069
2024-07-28 11:35:00,839.7,840.0,837.7,838.4,1184984.12388247,994356440.9362395
2024-07-28 11:40:00,838.3,838.6,835.6,837.2,840836.61229126,704027293.9457041
2024-07-28 11:45:00,838.0,838.1,835.8,836.8,540252.22874102,452114879.8367258
2024-07-28 11:50:00,836.8,837.3,836.2,837.3,355327.11637429,297308610.2135826
2024-07-28 11:55:00,837.2,838.6,837.0,838.3,385402.36018232,322876323.14994514
2024-07-28 12:00:00,838.3,839.5,838.1,838.1,880995.71496741,739169261.566095
2024-07-28 12:05:00,838.7,838.7,836.2,838.7,648215.70403315,542961691.5287663
2024-07-28 12:10:00,838.7,839.7,837.6,838.0,560866.82944853,470586569.3690324
2024-07-28 12:15:00,838.0,838.7,836.5,838.3,496075.6332047,415525216.3757678
2024-07-28 12:20:00,837.5,838.4,836.2,838.2,406655.04359041,340488223.4573288
2024-07-28 12:25:00,838.1,839.2,838.0,838.5,586951.60319606,492305805.13182986
2024-07-28 12:30:00,838.5,839.0,837.5,838.8,362346.59563491,303724520.8388903
2024-07-28 12:35:00,839.0,839.6,838.4,839.6,534199.12268372,448121609.110174
2024-07-28 12:40:00,839.6,839.8,838.2,838.2,528280.57090501,443359345.7225812
2024-07-28 12:45:00,838.2,839.6,837.8,838.4,537738.70486206,450951087.951842
2024-07-28 12:50:00,838.4,838.8,835.9,836.3,546377.53003423,457602209.7543345
2024-07-28 12:55:00,836.6,836.7,835.8,835.8,427302.80465467,357336014.26191765
2024-07-28 13:00:00,835.8,837.3,834.7,836.6,493506.81755303,412503093.22148544
2024-07-28 13:05:00,836.6,837.3,835.4,836.2,325189.91394158,272019826.8896515
2024-07-28 13:10:00,836.2,838.7,835.9,838.7,336893.40590458,282089699.5456835
2024-07-28 13:15:00,838.8,839.0,837.3,838.1,488545.31884245,409654802.2646
2024-07-28 13:20:00,838.1,838.1,837.1,838.1,362517.17837505,303743037.5324629
2024-07-28 13:25:00,837.8,839.0,836.8,838.8,582373.86346445,488049135.0535468
2024-07-28 13:30:00,838.9,838.9,837.7,837.8,260749.16101597,218595826.54419795
2024-07-28 13:35:00,837.7,838.2,836.9,837.9,390183.64234278,326696930.5650911
2024-07-28 13:40:00,837.9,838.2,837.4,837.6,301992.08411393,253023402.22186637
2024-07-28 13:45:00,837.6,839.4,837.4,838.4,469960.66590173,394089332.0513636
2024-07-28 13:50:00,838.4,838.9,838.1,838.9,516886.7815487,433490546.4924776
2024-07-28 13:55:00,838.7,839.0,836.0,836.1,777763.25276859,651595570.86815
2024-07-28 14:00:00,836.1,837.7,833.4,833.4,1241836.81172908,1037531846.6374995
2024-07-28 14:05:00,833.7,835.7,831.8,832.0,2016450.87271957,1679805411.1621513
2024-07-28 14:10:00,832.0,834.7,831.9,834.3,804601.38772347,670669948.4688311
2024-07-28 14:15:00,834.3,835.0,832.9,833.2,759007.96910657,633039323.3697118
2024-07-28 14:20:00,833.7,834.8,833.0,834.6,349605.39685314,291443285.50066537
2024-07-28 14:25:00,834.6,838.9,834.0,838.5,680487.1277738,568983788.4681286
2024-07-28 14:30:00,838.9,839.8,838.4,839.7,1807925.78587181,1517048094.051644
2024-07-28 14:35:00,839.7,840.0,837.8,839.9,1147318.06155068,962994260.4024789
2024-07-28 14:40:00,839.9,844.4,839.8,843.3,2678367.32250174,2254554813.7755184
2024-07-28 14:45:00,843.3,844.2,841.5,842.9,1715645.2042526,1447017254.4114702
2024-07-28 14:50:00,842.9,843.0,840.8,840.8,716432.48073501,603220296.2884607
2024-07-28 14:55:00,840.8,843.4,840.0,842.0,739699.10063182,622693672.9029064
2024-07-28 15:00:00,841.9,842.7,841.9,842.5,419050.79548471,352983827.6917103
2024-07-28 15:05:00,842.5,842.7,841.3,842.4,380155.62073452,320151210.04252005
2024-07-28 15:10:00,842.4,842.4,840.3,840.7,398174.69099426,334955152.94017404
2024-07-28 15:15:00,840.7,842.0,840.3,841.3,399139.85646349,335679472.3015228
2024-07-28 15:20:00,841.0,841.5,839.3,840.7,536681.13385086,450957514.1683822
2024-07-28 15:25:00,840.7,842.1,840.7,841.5,446765.30656551,375918324.90646565
2024-07-28 15:30:00,841.0,841.5,840.8,841.0,221804.62120804,186559029.05111426
2024-07-28 15:35:00,841.0,841.1,838.9,839.0,520892.77781087,437406272.64272517
2024-07-28 15:40:00,839.0,840.5,838.9,840.2,362655.05569599,304472208.3980096
2024-07-28 15:45:00,840.2,840.2,839.1,839.2,239907.24901292,201514620.80390227
2024-07-28 15:50:00,839.3,839.3,838.1,838.7,653011.28639459,547613158.3560246
2024-07-28 15:55:00,838.7,839.6,838.6,838.8,359436.01887912,301638327.5605047
2024-07-28 16:00:00,838.6,839.4,838.1,838.5,451867.09265809,378926509.0596331
2024-07-28 16:05:00,838.5,839.8,838.5,839.6,268590.74650578,225400448.09980652
2024-07-28 16:10:00,839.5,839.6,838.4,839.0,190852.89347335,160110895.64812833
2024-07-28 16:15:00,839.0,839.5,838.4,838.6,179686.1742573,150733215.81635243
2024-07-28 16:20:00,838.6,839.0,838.3,838.5,247089.92929182,207213394.80797815
2024-07-28 16:25:00,838.5,839.6,838.4,839.6,250647.17019591,210241765.6955757
2024-07-28 16:30:00,839.5,840.3,839.1,840.0,281727.73497577,236559915.99432036
2024-07-28 16:35:00,840.0,842.9,840.0,842.9,746560.07292485,628545486.9761059
2024-07-28 16:40:00,842.8,843.3,842.4,843.3,657658.24298123,554311043.3614725
2024-07-28 16:45:00,843.3,843.3,841.8,842.6,464029.83666652,391064053.92835635
2024-07-28 16:50:00,842.7,843.3,841.5,843.2,1105329.90177943,931024718.0320425
2024-07-28 16:55:00,843.2,843.3,842.4,842.7,336027.76835247,283197925.0714812
2024-07-28 17:00:00,842.8,842.9,841.8,842.1,501743.34499733,422661586.0327419
2024-07-28 17:05:00,842.1,843.5,842.0,842.0,372263.85476281,313738817.88692963
2024-07-28 17:10:00,842.0,843.0,841.5,843.0,326889.57965043,275337871.99617785
2024-07-28 17:15:00,843.0,844.0,842.7,842.7,640374.9034561,540112815.7805004
2024-07-28 17:20:00,843.2,844.0,842.7,844.0,594853.87869103,501820702.88165474
2024-07-28 17:25:00,844.0,845.0,843.9,845.0,1392471.51204259,1176191017.906284
2024-07-28 17:30:00,844.8,846.0,844.4,845.9,1379444.35967918,1166146096.7266862
2024-07-28 17:35:00,845.9,848.0,845.6,846.9,2093805.08849625,1773265735.247707
2024-07-28 17:40:00,846.7,848.8,846.0,848.8,2050855.55542523,1738750833.2075512
2024-07-28 17:45:00,848.8,849.7,846.6,847.1,2404206.77708721,2040814327.0822852
2024-07-28 17:50:00,847.1,848.2,846.5,847.5,567200.99647605,480667361.1751883
2024-07-28 17:55:00,847.5,849.2,845.9,848.9,1953285.15593385,1655797188.5172498
2024-07-28 18:00:00,848.9,853.0,848.8,852.5,2372044.02216497,2016800221.9045022
2024-07-28 18:05:00,852.5,856.8,850.2,852.2,4008530.18458739,3424886456.3625717
2024-07-28 18:10:00,852.6,854.3,850.3,851.1,1494048.29158908,1273791836.938942
2024-07-28 18:15:00,851.1,854.0,850.8,853.4,1576327.82472328,1344370717.6609921
2024-07-28 18:20:00,853.4,853.6,851.5,853.4,1484922.22291779,1266498879.1894855
2024-07-28 18:25:00,852.7,853.4,850.5,851.6,728713.59826715,620652954.1587145
2024-07-28 18:30:00,851.6,852.8,851.3,851.7,956480.58147331,815061497.308553
2024-07-28 18:35:00,851.6,851.8,849.0,849.0,1340940.06351003,1140158934.9663236
2024-07-28 18:40:00,849.7,850.5,848.2,850.5,1318602.22452941,1119522691.5847988
2024-07-28 18:45:00,850.5,850.5,846.2,847.4,1721957.42600765,1460360045.5857985
2024-07-28 18:50:00,847.5,848.9,847.5,848.8,627765.39009436,532487230.16406673
2024-07-28 18:55:00,848.8,850.8,848.1,850.5,508750.79570576,432096451.72101
2024-07-28 19:00:00,850.5,850.8,849.3,850.4,859901.61578878,731165491.1084597
2024-07-28 19:05:00,850.3,852.3,849.4,849.4,729190.21785598,620485135.0773726
2024-07-28 19:10:00,849.4,849.7,847.3,848.2,731775.49425419,620725484.9512028
2024-07-28 19:15:00,848.2,848.9,847.5,847.9,375319.71859009,318296323.26806504
2024-07-28 19:20:00,847.9,849.0,847.8,848.8,254344.81333637,215789378.84973237
2024-07-28 19:25:00,848.8,849.0,847.8,848.9,514912.84865185,436830209.353593
2024-07-28 19:30:00,849.0,849.1,843.3,844.7,1580769.12205099,1337167685.0540793
2024-07-28 19:35:00,844.7,846.0,843.9,845.6,735285.8621351,621224043.9465834
2024-07-28 19:40:00,845.8,846.2,842.2,844.0,1350287.52375856,1139378667.3117833
2024-07-28 19:45:00,844.0,845.0,842.8,844.4,726286.54139973,612833355.4616559
2024-07-28 19:50:00,844.5,846.0,844.4,846.0,592952.95461481,501341108.19948906
2024-07-28 19:55:00,845.5,846.0,843.8,844.5,327289.86242156,276493495.84745365
2024-07-28 20:00:00,844.5,845.5,844.5,845.5,293348.99757001,247916991.3189272
2024-07-28 20:05:00,845.5,847.0,844.8,847.0,322489.48523805,272825464.56361026
2024-07-28 20:10:00,847.0,847.5,845.7,846.3,407002.55282844,344591985.4133269
2024-07-28 20:15:00,846.3,847.5,846.0,846.9,289719.2306667,245393714.38866943
2024-07-28 20:20:00,847.0,847.2,845.6,845.6,383054.68466622,324371574.61466306
2024-07-28 20:25:00,845.6,845.7,844.0,844.2,608768.83802393,514222918.44852847
2024-07-28 20:30:00,844.2,845.2,844.1,845.0,172240.46464168,145464983.63234895
2024-07-28 20:35:00,844.6,845.0,844.3,844.4,579790.79396845,489719356.18793863
2024-07-28 20:40:00,844.7,844.7,842.6,843.6,890829.17128783,751407332.7250276
2024-07-28 20:45:00,843.6,843.6,842.1,842.2,563418.31901341,474913288.79633915
2024-07-28 20:50:00,842.2,843.8,842.2,843.5,504486.61985548,425192133.6467558
2024-07-28 20:55:00,843.2,843.5,842.8,843.3,353302.96942204,297848686.379038
2024-07-28 21:00:00,843.1,843.5,842.7,843.5,361681.62150472,304917998.3834827
2024-07-28 21:05:00,843.5,844.3,843.0,843.0,258202.66182843,217768465.7398219
2024-07-28 21:10:00,843.5,844.3,843.0,843.7,265691.75708224,224167705.8329461
2024-07-28 21:15:00,843.7,844.9,843.7,844.3,271403.23643728,229177802.24896386
2024-07-28 21:20:00,844.3,845.1,842.3,842.5,830651.1867294,700742007.7173569
2024-07-28 21:25:00,842.7,843.7,842.3,842.3,262401.4397961,221146962.60234925
2024-07-28 21:30:00,842.4,842.7,842.2,842.3,381081.80345048,321011206.75339353
2024-07-28 21:35:00,842.3,842.4,841.0,841.7,1096484.08951578,922792795.0898498
2024-07-28 21:40:00,841.9,841.9,840.0,840.7,1096366.10329078,921737164.5526977
2024-07-28 21:45:00,840.7,841.7,840.4,840.9,457660.67790288,384878976.3741462
2024-07-28 21:50:00,840.6,841.7,840.6,841.5,529839.67737159,445757737.94655275
2024-07-28 21:55:00,841.5,842.8,841.5,842.8,250793.2661662,211248630.19180247
2024-07-28 22:00:00,842.8,843.6,842.3,842.4,331586.76060795,279516307.54819435
2024-07-28 22:05:00,842.3,842.7,842.1,842.5,319331.49955609,268984863.6172187
2024-07-28 22:10:00,842.3,842.5,841.0,841.2,1071048.58413685,901621883.8615109
2024-07-28 22:15:00,841.0,841.2,840.0,840.0,817240.19496604,686800912.9131371
2024-07-28 22:20:00,840.0,840.0,839.5,839.8,445109.31854094,373832159.5949832
2024-07-28 22:25:00,839.9,841.4,839.8,840.3,507592.70154786,426648661.30758834
2024-07-28 22:30:00,840.3,841.4,839.8,841.4,446379.41845817,375150659.7079037
2024-07-28 22:35:00,841.4,841.6,841.0,841.4,202255.63531091,170176150.4841997
2024-07-28 22:40:00,841.4,841.4,840.5,840.5,301169.51672741,253293449.61935526
2024-07-28 22:45:00,840.6,841.6,840.6,841.2,125761.80199276,105808999.96861055
2024-07-28 22:50:00,841.3,842.1,840.2,840.9,261034.64337692,219525612.06323943
2024-07-28 22:55:00,840.5,840.5,839.5,839.8,549510.10243653,461547656.34978426
2024-07-28 23:00:00,839.8,840.4,838.0,838.1,1131475.85934307,949508638.9096377
2024-07-28 23:05:00,838.1,838.2,836.0,837.4,1184362.98897601,991513870.5881008
2024-07-28 23:10:00,837.4,837.4,835.3,835.7,644556.55269194,538888881.9440318
2024-07-28 23:15:00,835.7,836.7,835.0,835.3,769552.09268489,643086808.8043236
2024-07-28 23:20:00,835.3,836.8,835.0,836.2,832371.3891445,695343549.3927461
2024-07-28 23:25:00,836.6,837.6,836.1,837.6,440367.52967176,368606617.6432894
2024-07-28 23:30:00,837.7,838.5,837.3,838.2,627683.59935085,525917219.36563563
2024-07-28 23:35:00,838.3,839.3,837.8,838.1,376036.19763386,315430790.4123957
2024-07-28 23:40:00,838.1,838.3,837.5,837.6,324059.97621436,271484925.1777207
2024-07-28 23:45:00,837.6,839.9,837.6,839.3,426332.06293591,357718413.9854363
2024-07-28 23:50:00,839.2,840.0,838.8,839.3,78173.59460578,65607463.02814409
2024-07-28 23:55:00,839.3,840.0,839.0,839.1,298779.28651597,250815466.42371017
